user_id,toy_id,rating,toy_name,age_suitability,price,price_category
52,34,4,Lego Building Set,9,23.26944012319461,Medium
93,47,2,Toy Train,11,33.087181453186105,Medium
15,8,2,Stuffed Bear,6,63.86351305976762,High
72,40,2,Puzzle Game,12,61.96461900369253,High
61,49,2,Board Game,5,53.101379388655445,High
21,44,2,Doll House,7,38.289258750968756,Medium
83,19,2,Stuffed Bear,3,91.72844545359554,High
87,42,2,Doll House,5,37.27817301839016,Medium
75,41,4,Coloring Book,10,48.2838198615389,Medium
75,37,1,Action Figure,10,69.42081394064984,High
88,6,3,Puzzle Game,6,56.587035932342594,High
100,26,5,Toy Car,4,37.95416775461663,Medium
24,34,3,Puzzle Game,10,46.38625509336843,Medium
3,45,3,Robot Kit,10,80.47567769608308,High
22,6,1,Toy Train,12,31.42226977122818,Medium
53,37,1,Robot Kit,6,18.514247778797465,Low
2,33,1,Robot Kit,5,34.75050417382882,Medium
88,22,2,Coloring Book,4,85.70575047135063,High
30,21,4,Stuffed Bear,11,13.454022911352933,Low
38,6,2,Toy Car,3,99.21112697038292,High
2,6,4,Toy Car,9,56.395275398127936,High
64,48,4,Robot Kit,7,98.56034567687394,High
60,4,3,Doll House,10,94.20466009816786,High
21,30,3,Coloring Book,6,48.01730285003709,Medium
33,11,4,Robot Kit,9,23.856652087508163,Medium
76,30,4,Action Figure,7,20.664053773688153,Medium
58,31,2,Toy Train,7,27.798989567645965,Medium
22,24,2,Stuffed Bear,11,72.46260085363105,High
89,9,3,Board Game,11,30.930249499491346,Medium
49,3,1,Action Figure,11,37.43540061240834,Medium
91,31,4,Doll House,8,47.633986379488405,Medium
59,40,2,Puzzle Game,8,91.75710464003835,High
42,37,3,Puzzle Game,7,22.992374699060377,Medium
92,36,2,Action Figure,11,5.477522497931296,Low
60,24,4,Robot Kit,12,10.709158985926164,Low
80,31,4,Board Game,10,90.9528024596112,High
15,6,5,Lego Building Set,9,66.51406416011949,High
62,2,1,Lego Building Set,9,30.93885883614164,Medium
62,20,5,Doll House,8,21.833287596063155,Medium
47,28,3,Robot Kit,7,32.95533998052586,Medium
62,11,2,Toy Car,6,15.90570808887161,Low
51,4,3,Toy Car,5,94.4456264770219,High
55,15,4,Stuffed Bear,5,79.49958656470035,High
64,6,5,Board Game,8,48.927161806691366,Medium
3,49,5,Board Game,6,87.17144748594419,High
51,30,5,Puzzle Game,8,28.698529407857066,Medium
7,38,3,Coloring Book,5,73.12645400485839,High
21,2,4,Doll House,6,86.33258740630562,High
73,15,2,Lego Building Set,11,38.8930276042109,Medium
39,11,2,Doll House,7,76.95912231781818,High
18,8,3,Toy Car,9,33.031873180109386,Medium
4,26,5,Toy Car,12,33.39142784960792,Medium
89,45,1,Action Figure,4,15.170431962647676,Low
60,44,3,Stuffed Bear,7,46.80551441839288,Medium
14,5,3,Board Game,11,74.32263111725511,High
9,6,4,Toy Train,5,94.32097652927207,High
90,26,2,Doll House,11,62.360714233264126,High
53,4,3,Toy Car,8,86.99787608489521,High
2,19,3,Coloring Book,6,83.13699168257158,High
84,20,5,Puzzle Game,9,21.46759003265168,Medium
92,33,5,Lego Building Set,10,51.15265574669999,High
60,20,1,Stuffed Bear,8,16.10773587491219,Low
71,49,4,Coloring Book,7,69.80455034835532,High
44,12,1,Stuffed Bear,8,95.24046848337721,High
8,47,5,Action Figure,7,18.02349851748187,Low
47,1,2,Toy Train,10,74.71889742624143,High
35,26,5,Toy Car,3,65.06262433244679,High
78,14,4,Puzzle Game,9,60.44247851576947,High
81,38,5,Coloring Book,12,42.06142229539223,Medium
36,37,4,Stuffed Bear,12,38.737506536612194,Medium
50,11,4,Board Game,4,9.298672956794347,Low
4,36,4,Action Figure,11,25.70132728394128,Medium
2,13,4,Board Game,3,6.441803817248555,Low
6,43,4,Puzzle Game,12,60.23462503029195,High
54,3,2,Coloring Book,8,15.05605740840134,Low
4,33,1,Action Figure,11,87.93684243282303,High
54,6,3,Coloring Book,3,54.6985869662307,High
93,50,1,Toy Car,6,71.4705413605773,High
63,10,4,Robot Kit,6,44.031423724847166,Medium
18,5,2,Action Figure,11,58.25508185509962,High
90,23,5,Board Game,7,94.5526218118299,High
44,10,2,Puzzle Game,7,12.859733764248723,Low
34,44,4,Toy Train,8,29.124088332751136,Medium
74,2,2,Toy Car,3,79.09889105650171,High
62,13,2,Robot Kit,3,14.380034653853256,Low
100,40,4,Toy Train,11,12.187804870890531,Low
14,2,2,Lego Building Set,5,39.34643288163366,Medium
95,20,3,Toy Car,6,13.75595605488107,Low
48,1,3,Puzzle Game,3,60.582452009589296,High
15,37,2,Stuffed Bear,11,26.496148827576985,Medium
72,9,5,Action Figure,10,90.09130650394037,High
78,17,4,Coloring Book,4,79.43250768029938,High
87,9,3,Puzzle Game,10,71.47199457945024,High
62,11,5,Action Figure,9,63.60968260152768,High
40,15,2,Toy Train,8,87.02924438243902,High
85,24,5,Coloring Book,3,26.190895846561904,Medium
80,38,1,Doll House,9,87.94534006260163,High
82,35,3,Board Game,12,80.00176835028498,High
53,30,2,Lego Building Set,9,76.07527850683013,High
24,31,4,Toy Car,11,58.31928941711779,High
26,49,2,Puzzle Game,3,28.393195292207007,Medium
89,5,4,Lego Building Set,4,45.237052019230156,Medium
60,44,2,Stuffed Bear,11,80.38921218118615,High
41,50,5,Action Figure,11,8.018956013945822,Low
29,14,5,Action Figure,8,79.29482308005704,High
15,11,5,Puzzle Game,8,27.806720346318816,Medium
45,9,1,Robot Kit,6,18.709374068552286,Low
65,34,4,Robot Kit,6,15.991625227128704,Low
89,12,5,Doll House,7,7.588751135327436,Low
71,35,1,Board Game,5,54.74071609603803,High
9,35,4,Coloring Book,3,25.734687905904302,Medium
88,1,2,Stuffed Bear,3,98.99601774906499,High
1,40,1,Lego Building Set,9,59.57149180785955,High
8,22,3,Robot Kit,3,18.09910058882099,Low
88,29,1,Doll House,3,70.43244137707971,High
63,8,1,Doll House,5,90.2856388184239,High
11,11,4,Puzzle Game,12,75.79205206011336,High
81,41,2,Stuffed Bear,6,12.26178679874753,Low
8,37,3,Toy Train,6,90.10899721330266,High
35,14,5,Coloring Book,4,80.42329165669665,High
35,30,5,Board Game,3,20.038870510033362,Medium
33,35,1,Toy Car,5,9.919659429617603,Low
5,21,4,Puzzle Game,6,57.94450465485931,High
41,37,4,Coloring Book,5,19.823402077297807,Low
28,5,5,Toy Car,10,84.28614049655084,High
7,19,3,Toy Car,12,39.041792383809,Medium
73,14,2,Stuffed Bear,3,91.72478224997467,High
72,26,3,Stuffed Bear,4,58.74037635339555,High
12,4,2,Lego Building Set,9,22.353876502768472,Medium
34,25,5,Doll House,6,18.261892399181008,Low
33,45,2,Coloring Book,10,59.76488156798662,High
48,42,4,Puzzle Game,5,77.37894312693217,High
23,25,1,Action Figure,8,79.2430365355073,High
62,18,1,Puzzle Game,11,31.19695342192172,Medium
88,40,5,Lego Building Set,3,24.403442096655912,Medium
37,8,4,Board Game,3,6.591848926776329,Low
99,39,3,Doll House,10,69.5239193641111,High
44,40,4,Action Figure,5,12.273984551186203,Low
86,14,1,Robot Kit,7,44.97231416776295,Medium
91,32,1,Board Game,3,62.15980558173813,High
35,38,4,Stuffed Bear,7,94.02534976736932,High
65,33,4,Toy Car,8,34.62120301079802,Medium
99,23,1,Robot Kit,10,28.72835543241938,Medium
47,15,3,Puzzle Game,5,67.14521465717935,High
78,33,5,Puzzle Game,5,63.827708045090255,High
3,25,5,Stuffed Bear,12,36.55042941427183,Medium
1,17,4,Lego Building Set,11,93.16967437342971,High
5,33,5,Coloring Book,6,85.26192111151511,High
90,47,1,Robot Kit,6,26.27834185718271,Medium
14,2,1,Robot Kit,9,27.718541816279703,Medium
27,14,4,Toy Train,4,53.668532954272656,High
9,40,4,Board Game,10,78.48934966441843,High
79,40,4,Doll House,8,9.183836041904117,Low
15,39,3,Board Game,5,70.86683960479714,High
90,6,5,Coloring Book,11,66.58241025129922,High
42,6,4,Puzzle Game,7,26.99060911173388,Medium
77,3,2,Puzzle Game,10,69.72853625792814,High
51,7,2,Puzzle Game,9,94.31740316894785,High
63,8,1,Toy Train,10,9.444655272318009,Low
96,42,5,Puzzle Game,9,35.366945252745936,Medium
52,15,4,Coloring Book,5,46.62678808330375,Medium
96,47,2,Stuffed Bear,4,90.42973409784551,High
4,29,5,Doll House,9,96.41483742786988,High
94,33,1,Coloring Book,5,47.19094841715157,Medium
23,30,3,Doll House,5,76.25269915350816,High
15,39,5,Coloring Book,4,55.50779725762588,High
43,27,5,Puzzle Game,6,56.089378800430765,High
29,36,3,Stuffed Bear,10,31.419453931303863,Medium
36,29,5,Robot Kit,3,25.610843357068553,Medium
13,38,1,Board Game,3,32.360507862783905,Medium
32,33,1,Toy Car,7,57.851160689422535,High
71,37,3,Stuffed Bear,7,7.769742672098454,Low
59,27,4,Robot Kit,3,91.18864971385855,High
86,33,2,Lego Building Set,8,19.84695240722874,Low
28,4,4,Coloring Book,3,25.90842430278172,Medium
66,22,5,Lego Building Set,7,54.2362367625264,High
42,2,2,Robot Kit,11,72.46090280204153,High
45,10,3,Stuffed Bear,7,14.094260200717743,Low
62,5,3,Coloring Book,8,35.18099626698041,Medium
57,10,2,Toy Car,10,97.02408752956393,High
6,33,1,Puzzle Game,3,29.922581844189843,Medium
28,38,2,Coloring Book,4,34.739763780998956,Medium
28,13,5,Coloring Book,11,84.46735660871319,High
44,31,1,Stuffed Bear,5,9.770371010593248,Low
84,47,3,Stuffed Bear,8,49.13825103685223,Medium
30,36,2,Robot Kit,7,41.06359262290867,Medium
62,45,4,Action Figure,4,35.07574219132186,Medium
75,24,4,Coloring Book,9,32.14146143425263,Medium
92,15,5,Board Game,6,13.680539961738875,Low
89,29,4,Coloring Book,3,34.90845378840664,Medium
62,8,2,Robot Kit,6,9.089978257988514,Low
97,5,2,Doll House,8,79.19156704622135,High
1,29,4,Lego Building Set,9,42.831640426011106,Medium
27,47,2,Puzzle Game,9,47.1708640703916,Medium
62,4,5,Action Figure,9,89.8914857127625,High
77,12,1,Toy Car,5,67.51522346681597,High
3,45,5,Toy Car,8,5.76561481750138,Low
70,2,5,Toy Car,10,94.60160818132208,High
72,27,2,Stuffed Bear,6,27.528724267882566,Medium
27,31,1,Toy Car,10,15.22334755218659,Low
9,36,2,Puzzle Game,4,77.97217694618381,High
62,36,3,Lego Building Set,12,52.54534500733823,High
37,26,2,Toy Car,11,46.208203771711666,Medium
97,43,2,Coloring Book,11,28.702792569860467,Medium
51,27,2,Coloring Book,10,57.00979153692027,High
44,5,1,Stuffed Bear,12,31.066537494245807,Medium
24,20,2,Puzzle Game,12,90.65038550227142,High
79,11,1,Lego Building Set,3,25.444425574653316,Medium
59,10,4,Action Figure,4,89.01373929329658,High
32,40,3,Robot Kit,8,58.14351544409891,High
96,38,1,Lego Building Set,12,83.7063727200479,High
88,6,4,Robot Kit,7,72.72036960679073,High
52,8,1,Doll House,11,71.18603558649112,High
62,23,1,Robot Kit,7,35.81285173103029,Medium
58,47,3,Board Game,4,27.22020848985933,Medium
52,26,5,Coloring Book,12,25.034191629674872,Medium
12,46,5,Puzzle Game,6,86.43320742066092,High
39,43,1,Toy Train,11,82.9405479246069,High
2,12,2,Stuffed Bear,3,46.854485161169194,Medium
3,26,4,Board Game,3,17.578438282163187,Low
56,13,2,Robot Kit,9,41.313963937858546,Medium
81,40,2,Toy Car,5,63.83762814300658,High
59,18,1,Puzzle Game,12,48.16829967559552,Medium
2,25,1,Board Game,4,79.11798050588452,High
2,33,1,Stuffed Bear,11,99.77416811388161,High
92,47,1,Coloring Book,5,23.1575484026452,Medium
54,40,5,Puzzle Game,4,48.66682786765938,Medium
87,43,1,Stuffed Bear,10,45.94347068247809,Medium
96,12,5,Doll House,12,33.926790611150324,Medium
97,44,5,Doll House,8,23.81907408842751,Medium
1,36,1,Stuffed Bear,8,11.240751066517626,Low
19,48,3,Board Game,12,89.27633513625135,High
2,4,4,Puzzle Game,9,44.88562628020017,Medium
53,5,2,Board Game,9,52.20507425750464,High
44,37,5,Action Figure,8,92.109494579087,High
90,8,4,Robot Kit,6,78.74759536401504,High
32,42,3,Action Figure,11,17.397620091132502,Low
70,49,2,Doll House,8,58.71489692273553,High
32,28,2,Coloring Book,6,47.013966269358114,Medium
68,31,5,Lego Building Set,5,80.73505189498246,High
55,9,1,Robot Kit,6,73.80209202313517,High
75,29,3,Doll House,5,70.58854358155183,High
56,14,5,Board Game,4,37.3517593705902,Medium
17,40,3,Board Game,7,81.47155438792917,High
38,41,1,Board Game,4,9.977173081511815,Low
24,22,1,Coloring Book,8,20.164365636055887,Medium
69,11,5,Action Figure,5,36.88421093290161,Medium
98,23,1,Lego Building Set,8,12.296706901581722,Low
70,1,4,Board Game,12,27.3244563657957,Medium
86,46,2,Toy Train,11,83.86434338480223,High
11,37,5,Robot Kit,3,95.08389609005754,High
16,21,3,Puzzle Game,8,33.9372237985481,Medium
97,26,4,Toy Train,11,30.12900137893963,Medium
73,46,5,Lego Building Set,6,31.589801963410554,Medium
59,36,1,Coloring Book,4,31.383313298330165,Medium
70,23,1,Lego Building Set,6,8.413367307667434,Low
80,1,1,Puzzle Game,3,93.05705290145526,High
93,40,1,Robot Kit,5,25.301323449181197,Medium
3,15,3,Puzzle Game,12,44.900387037733466,Medium
20,21,4,Stuffed Bear,11,5.920253860391935,Low
59,47,2,Robot Kit,12,86.50573363693043,High
36,9,3,Lego Building Set,7,74.45994772321714,High
19,9,3,Board Game,8,94.9418233415018,High
90,10,2,Lego Building Set,5,79.25347052365791,High
67,26,2,Lego Building Set,7,34.8021186449462,Medium
19,41,1,Robot Kit,10,28.547969079200247,Medium
20,35,3,Stuffed Bear,8,71.28304921756283,High
96,25,5,Lego Building Set,6,39.590713625997445,Medium
71,26,2,Toy Train,4,58.790426496498576,High
52,11,2,Doll House,11,5.594459747514672,Low
33,38,4,Toy Car,3,10.879141659645148,Low
40,2,5,Toy Car,3,55.85995441225686,High
39,7,5,Lego Building Set,6,58.77680641257569,High
82,18,2,Toy Train,9,76.38802972363764,High
1,27,1,Board Game,3,17.536705364276365,Low
11,34,4,Coloring Book,11,53.752392956893985,High
92,27,5,Coloring Book,6,23.47252622101042,Medium
57,17,2,Robot Kit,5,13.853631358455996,Low
89,43,5,Toy Car,3,43.997100435752685,Medium
50,44,4,Lego Building Set,12,20.516981568460437,Medium
23,24,4,Coloring Book,6,26.069287928270267,Medium
31,25,3,Lego Building Set,11,35.16768508760266,Medium
94,7,2,Robot Kit,12,29.641898070603645,Medium
42,6,4,Toy Car,8,13.321173253564908,Low
99,24,3,Puzzle Game,8,13.542043261671717,Low
7,33,3,Doll House,3,23.358694447245977,Medium
16,49,5,Doll House,12,9.8031228561562,Low
90,29,5,Coloring Book,4,64.51341686930807,High
60,43,3,Doll House,8,32.29603806834569,Medium
2,22,5,Puzzle Game,4,31.575866938061747,Medium
1,26,4,Lego Building Set,5,36.53983795258769,Medium
48,28,1,Robot Kit,6,67.96564604992355,High
12,50,4,Puzzle Game,7,87.7102187409316,High
69,21,3,Robot Kit,11,77.11325859278566,High
37,49,3,Robot Kit,6,74.11527687138403,High
32,7,4,Toy Car,11,51.01716263208068,High
9,17,5,Lego Building Set,12,70.91152791190412,High
99,20,5,Toy Train,5,57.5124249631904,High
19,41,3,Doll House,10,25.543800177720247,Medium
48,49,2,Toy Train,3,24.815894935399818,Medium
80,20,5,Toy Car,11,33.15724065315193,Medium
3,22,4,Robot Kit,11,91.52625374213225,High
20,28,5,Coloring Book,12,57.00440983607396,High
24,40,4,Doll House,4,74.72101081517759,High
54,49,3,Doll House,6,37.923082182572024,Medium
33,7,5,Lego Building Set,10,43.732998213196396,Medium
24,1,4,Stuffed Bear,9,16.928729970538882,Low
75,32,3,Action Figure,3,21.273020993058687,Medium
72,13,2,Action Figure,7,83.59887270848382,High
36,30,4,Action Figure,9,60.559670010443796,High
38,23,2,Stuffed Bear,6,37.065584258962794,Medium
84,19,2,Lego Building Set,3,81.27086485457687,High
99,32,1,Stuffed Bear,11,28.419391035608385,Medium
89,30,5,Action Figure,7,97.72310636701935,High
99,29,4,Toy Car,4,37.757672735886125,Medium
25,49,2,Puzzle Game,10,37.04454064436662,Medium
93,45,1,Robot Kit,4,34.631631025987,Medium
18,29,3,Stuffed Bear,5,16.600594012807353,Low
82,30,4,Lego Building Set,12,15.558028996541179,Low
66,16,2,Lego Building Set,3,66.56997828074172,High
54,40,5,Toy Train,4,88.13621423301446,High
35,19,1,Puzzle Game,9,80.09944847580898,High
80,18,2,Coloring Book,12,18.405221432028355,Low
61,1,5,Doll House,4,56.83030157024631,High
41,14,2,Action Figure,8,15.0311968677808,Low
100,47,4,Coloring Book,5,9.302991143242357,Low
33,50,4,Toy Train,6,67.35665664155289,High
68,2,4,Action Figure,10,55.83947169963328,High
33,28,1,Puzzle Game,5,12.79225009508973,Low
14,49,4,Toy Train,12,8.319228408568902,Low
21,50,5,Action Figure,8,99.02685927388679,High
48,30,2,Puzzle Game,3,7.852026554161828,Low
20,38,3,Board Game,9,47.23018403976516,Medium
8,4,5,Coloring Book,10,52.93880733773108,High
7,1,5,Coloring Book,10,16.14161404104228,Low
67,8,4,Doll House,5,21.060868951773045,Medium
17,29,1,Puzzle Game,12,38.421475608983485,Medium
33,39,2,Stuffed Bear,3,77.35920824029795,High
48,3,1,Board Game,11,53.17283028572534,High
76,32,2,Toy Car,8,65.60067808253135,High
59,10,2,Action Figure,11,98.5915827336141,High
86,10,1,Board Game,9,77.96051635475492,High
22,19,5,Puzzle Game,3,46.26434232341568,Medium
30,46,2,Robot Kit,3,47.41198257067213,Medium
38,34,1,Action Figure,8,63.78334731889547,High
51,33,2,Lego Building Set,7,68.20969479979591,High
54,23,3,Coloring Book,11,52.567537954483775,High
8,28,5,Puzzle Game,4,66.26181616742309,High
27,32,4,Lego Building Set,10,7.2355869693393835,Low
27,50,2,Doll House,7,45.81417207020019,Medium
98,7,3,Toy Train,4,31.499117226980292,Medium
21,29,4,Toy Car,12,17.271572298095485,Low
30,8,4,Toy Car,8,14.456918716833638,Low
97,1,2,Lego Building Set,12,62.303255733393414,High
28,3,1,Coloring Book,10,54.742051979498115,High
64,24,2,Doll House,6,29.090491114655073,Medium
97,23,3,Robot Kit,4,49.74025558338888,Medium
69,8,4,Coloring Book,7,51.762069942328786,High
61,47,2,Board Game,4,23.525853141668502,Medium
48,37,1,Toy Car,4,66.94884087875681,High
19,3,2,Board Game,8,79.1873388566786,High
4,33,5,Action Figure,12,80.1890363845043,High
35,28,1,Stuffed Bear,11,62.23463391682823,High
64,47,3,Puzzle Game,6,53.605665339306334,High
49,8,4,Doll House,8,10.795678585512515,Low
17,34,2,Coloring Book,9,32.343973390902555,Medium
44,35,1,Toy Car,8,13.86078744392614,Low
92,32,5,Board Game,10,96.56320028345499,High
30,24,1,Toy Train,6,17.832613891447266,Low
93,14,5,Action Figure,3,19.418663935854696,Low
46,32,3,Puzzle Game,9,89.50977874139676,High
6,46,4,Puzzle Game,5,94.6731869302635,High
99,43,3,Coloring Book,8,77.75375872731644,High
37,16,2,Doll House,4,5.513467748903638,Low
24,4,1,Robot Kit,11,5.1278957408735515,Low
93,37,5,Toy Train,3,40.91957312980782,Medium
46,21,5,Coloring Book,8,18.62256015103479,Low
53,14,1,Board Game,8,6.746683504401743,Low
95,31,1,Stuffed Bear,7,49.086335493427946,Medium
99,48,2,Lego Building Set,7,94.59088025366229,High
60,18,3,Robot Kit,3,35.76285961573099,Medium
97,7,5,Doll House,12,67.80836445072617,High
63,10,2,Action Figure,7,66.96235854758187,High
85,7,3,Robot Kit,4,28.852609848190937,Medium
32,33,2,Toy Car,9,66.7903986382671,High
87,23,5,Doll House,5,25.17172755725467,Medium
33,21,1,Stuffed Bear,6,16.59070428980446,Low
67,19,1,Toy Car,5,71.63141212817055,High
18,48,3,Robot Kit,5,15.776877624872089,Low
25,19,4,Lego Building Set,6,99.70637576598875,High
95,36,3,Lego Building Set,7,22.427978109271784,Medium
54,29,4,Stuffed Bear,3,61.44347696186347,High
58,18,2,Puzzle Game,6,44.08058428419599,Medium
67,2,2,Toy Train,10,17.006710128538373,Low
46,1,5,Action Figure,12,7.645171219854273,Low
24,47,4,Puzzle Game,9,64.15956681781915,High
32,5,5,Lego Building Set,11,81.64196855996698,High
47,20,1,Lego Building Set,7,84.99148784314067,High
86,11,4,Board Game,12,50.857779942308774,High
23,42,3,Toy Car,6,78.85826938232663,High
66,2,1,Robot Kit,10,68.92047768141175,High
27,3,1,Action Figure,11,73.80418011241765,High
2,23,3,Stuffed Bear,9,51.79690549607234,High
90,12,1,Robot Kit,9,65.17411532300207,High
17,20,4,Board Game,7,81.52496178972541,High
33,5,5,Lego Building Set,6,42.79899667791719,Medium
9,37,1,Stuffed Bear,12,81.56799558242045,High
43,38,4,Lego Building Set,3,61.24160006496097,High
48,30,2,Action Figure,12,20.760597315224693,Medium
39,9,4,Toy Car,12,7.344994936335539,Low
93,34,5,Robot Kit,9,39.461592037919445,Medium
42,44,4,Robot Kit,3,56.93615118815229,High
26,35,3,Puzzle Game,3,84.7829334593314,High
99,22,5,Stuffed Bear,7,17.111139613323388,Low
50,44,2,Toy Train,11,81.01960302994001,High
25,24,3,Board Game,8,86.98585937638656,High
24,17,4,Toy Train,5,19.31531126507921,Low
13,10,5,Puzzle Game,5,85.90146033390081,High
60,30,2,Action Figure,9,99.18808894506525,High
7,46,3,Board Game,8,74.04968894958256,High
57,23,2,Toy Car,11,79.55311977337385,High
36,32,4,Toy Train,8,99.46945041809298,High
45,17,2,Toy Car,7,62.52071879996481,High
20,50,1,Toy Train,12,34.24920629154369,Medium
65,17,3,Toy Car,9,84.56542923722529,High
8,14,2,Toy Train,3,63.37614886360497,High
16,9,4,Toy Car,9,60.21356525349087,High
14,40,4,Puzzle Game,5,29.095377773833636,Medium
76,2,2,Doll House,11,76.85175561037423,High
87,45,4,Board Game,8,12.758391206709145,Low
15,25,5,Stuffed Bear,11,92.80727172549281,High
92,39,5,Action Figure,7,35.953228773196045,Medium
98,9,5,Coloring Book,9,17.138592015049092,Low
66,22,1,Lego Building Set,6,47.024820644729786,Medium
32,43,2,Stuffed Bear,9,9.034641379370651,Low
87,46,1,Lego Building Set,3,70.03948845517179,High
63,4,4,Board Game,9,90.75702349230883,High
86,26,1,Stuffed Bear,10,84.53998567815833,High
51,29,4,Toy Car,7,17.1000999775487,Low
25,45,4,Toy Car,4,16.995758025234526,Low
58,34,3,Coloring Book,7,82.27627582080508,High
63,23,5,Lego Building Set,8,92.80415608729601,High
62,37,4,Action Figure,4,48.76363383418147,Medium
22,11,3,Board Game,8,52.40225610680776,High
58,6,5,Toy Car,8,35.23489393164396,Medium
58,18,4,Doll House,3,89.95518623435933,High
86,21,4,Puzzle Game,3,66.2657760027738,High
49,42,1,Puzzle Game,12,32.383899830900006,Medium
52,36,1,Toy Train,5,33.3843727501539,Medium
42,41,5,Action Figure,12,89.66400694104223,High
70,38,4,Puzzle Game,12,6.29523227105304,Low
15,34,2,Toy Train,5,35.65902440903065,Medium
54,17,1,Lego Building Set,6,57.66388471555506,High
60,37,5,Toy Car,4,19.08065889943584,Low
97,25,4,Toy Car,11,13.74938164896103,Low
8,38,4,Doll House,12,82.45125145360319,High
53,12,2,Stuffed Bear,9,89.96841692160818,High
60,23,5,Puzzle Game,9,83.242609975828,High
5,42,4,Lego Building Set,8,90.38484952504803,High
68,22,1,Robot Kit,5,57.54563725054529,High
6,21,2,Puzzle Game,8,82.16452149408248,High
96,27,5,Action Figure,10,41.48405064715454,Medium
94,31,2,Stuffed Bear,10,68.29544684050866,High
47,6,1,Puzzle Game,11,98.93937548197063,High
99,27,5,Lego Building Set,3,26.444133764717105,Medium
55,40,2,Puzzle Game,3,42.040475897652655,Medium
40,34,3,Action Figure,5,50.60450084445814,High
52,12,1,Robot Kit,5,18.111471266904914,Low
16,45,1,Board Game,12,12.698667994180393,Low
13,7,1,Coloring Book,10,83.82367230055432,High
30,10,3,Robot Kit,12,97.7954654186207,High
19,45,3,Toy Train,3,43.44888106381757,Medium
17,17,4,Puzzle Game,4,13.32673443849206,Low
63,26,2,Toy Car,4,11.252117265604767,Low
19,21,4,Doll House,5,89.67522960422838,High
92,28,2,Toy Car,8,49.06235372412959,Medium
58,46,3,Robot Kit,3,35.402595073427236,Medium
55,2,3,Toy Car,4,50.263820767742956,High
90,43,4,Lego Building Set,3,35.238888995772996,Medium
90,1,5,Toy Car,7,51.4583986542239,High
62,36,4,Stuffed Bear,9,86.657857707204,High
23,26,2,Board Game,10,61.26863025089909,High
9,29,4,Puzzle Game,12,70.99210841696666,High
12,21,1,Toy Car,3,39.64371424226197,Medium
1,11,2,Action Figure,9,75.15805845849928,High
58,40,2,Board Game,7,68.32862306354036,High
1,11,5,Board Game,12,16.358389786445365,Low
34,36,3,Toy Car,3,59.40107104598054,High
96,49,2,Board Game,5,29.39063214942701,Medium
48,39,3,Doll House,9,81.38908861519131,High
89,40,4,Toy Car,12,45.46408230435925,Medium
1,35,1,Lego Building Set,3,99.49499569366628,High
16,34,5,Robot Kit,9,13.787541604201559,Low
61,47,3,Stuffed Bear,7,79.13304696031506,High
64,24,2,Coloring Book,3,69.00166468650487,High
63,22,3,Toy Train,3,77.91238890611702,High
69,5,2,Board Game,3,34.215330571593356,Medium
22,33,3,Lego Building Set,11,51.74517649132806,High
93,36,2,Puzzle Game,5,80.6683093737523,High
67,47,4,Puzzle Game,7,27.091426503981225,Medium
76,20,2,Toy Train,12,26.473153694921947,Medium
26,19,2,Stuffed Bear,11,57.349840563018574,High
16,35,1,Board Game,8,54.7385400553363,High
51,43,2,Doll House,11,31.814934689228622,Medium
86,17,1,Toy Train,10,33.31718679985816,Medium
57,45,5,Stuffed Bear,10,31.395290504623723,Medium
29,43,1,Board Game,3,78.29364588985632,High
78,34,4,Lego Building Set,11,66.93058222843376,High
92,9,1,Robot Kit,8,84.079632423974,High
69,26,5,Doll House,11,97.66993768983207,High
47,2,4,Coloring Book,5,50.04560814583871,High
94,9,3,Puzzle Game,5,11.33591873351764,Low
62,9,3,Action Figure,8,9.568769489143367,Low
69,40,1,Lego Building Set,11,33.08817873080382,Medium
76,17,1,Puzzle Game,9,93.59173598848284,High
16,1,5,Toy Car,5,54.705240222233115,High
90,25,5,Action Figure,5,30.81971902761227,Medium
90,43,2,Puzzle Game,4,42.92084547854686,Medium
48,40,5,Stuffed Bear,11,61.866535203443725,High
85,42,2,Doll House,5,67.03021752309502,High
39,25,4,Puzzle Game,7,19.622353429375977,Low
100,39,1,Coloring Book,11,97.81800927179172,High
33,35,4,Robot Kit,10,56.75336156336494,High
94,3,5,Stuffed Bear,4,17.890390190266533,Low
23,50,4,Lego Building Set,5,89.8953490678827,High
10,37,4,Lego Building Set,4,12.090650952545737,Low
69,44,4,Lego Building Set,10,91.23486615186371,High
100,44,5,Lego Building Set,8,99.67373734745333,High
34,30,4,Robot Kit,8,71.54102091986788,High
52,38,2,Puzzle Game,11,78.19248600202903,High
95,34,5,Board Game,10,37.043769464411206,Medium
10,12,4,Puzzle Game,6,94.44980100972371,High
19,19,5,Toy Car,6,55.322826780294925,High
58,37,3,Doll House,11,74.57690242676772,High
96,44,2,Action Figure,3,92.79023301157156,High
1,49,4,Board Game,4,97.6420977176733,High
69,17,3,Board Game,4,84.15441387668406,High
4,10,3,Puzzle Game,8,33.78666316329285,Medium
16,49,5,Board Game,6,96.82201407244783,High
24,47,3,Toy Train,12,64.67135546813932,High
80,12,2,Toy Train,5,93.41103525343618,High
2,16,2,Toy Car,5,69.22997745236343,High
92,24,1,Action Figure,5,34.18770137553345,Medium
32,19,2,Coloring Book,8,40.15232979356752,Medium
91,8,3,Robot Kit,10,57.29481882477935,High
84,31,2,Puzzle Game,9,80.05140994818879,High
24,21,5,Robot Kit,6,35.20834237733182,Medium
12,17,1,Coloring Book,6,60.07446078274825,High
50,23,3,Puzzle Game,12,37.834374389758146,Medium
35,37,1,Puzzle Game,4,82.49809344033518,High
33,16,3,Action Figure,3,49.33916890795529,Medium
33,6,5,Robot Kit,11,12.288668551024097,Low
61,8,1,Toy Train,4,20.774989540745956,Medium
51,25,4,Lego Building Set,10,10.804943423865067,Low
43,18,3,Robot Kit,11,52.4337798713609,High
12,25,4,Doll House,6,15.10204324808158,Low
67,12,1,Doll House,10,15.84329708441505,Low
65,15,4,Puzzle Game,11,94.39958470364581,High
33,26,4,Lego Building Set,12,87.90223185672527,High
40,41,1,Stuffed Bear,12,47.94822669707977,Medium
74,45,5,Coloring Book,7,98.65150548076954,High
43,26,4,Toy Car,9,5.017720176212996,Low
44,47,4,Lego Building Set,12,63.32804834597241,High
29,32,5,Toy Car,6,63.56067685032765,High
13,10,4,Robot Kit,3,48.457090307639376,Medium
12,16,4,Robot Kit,5,42.71005742875782,Medium
95,7,4,Toy Car,7,48.261397870657724,Medium
46,17,2,Coloring Book,5,44.42124142756965,Medium
2,23,5,Lego Building Set,9,74.39678536081844,High
35,26,4,Stuffed Bear,11,17.858766322461985,Low
87,21,5,Puzzle Game,8,23.775725956157363,Medium
81,22,3,Action Figure,12,22.149231697280243,Medium
90,7,3,Robot Kit,3,29.93470558652013,Medium
8,14,4,Doll House,9,54.89954978425041,High
93,15,5,Coloring Book,5,15.564830997130779,Low
26,7,5,Action Figure,7,87.47608305601788,High
74,9,5,Stuffed Bear,12,33.249345474304874,Medium
90,48,2,Board Game,6,20.441108809527243,Medium
34,8,3,Puzzle Game,12,69.18402441183311,High
7,50,5,Robot Kit,7,8.618198556935331,Low
68,23,5,Puzzle Game,7,63.8970136630456,High
58,29,2,Action Figure,8,71.32885091426748,High
75,18,2,Puzzle Game,12,25.41707048173832,Medium
29,31,5,Board Game,12,8.986586977145258,Low
36,30,1,Action Figure,8,39.54630909734771,Medium
89,39,5,Robot Kit,10,14.366451872983966,Low
21,35,5,Lego Building Set,10,16.06539571896702,Low
36,18,2,Doll House,11,29.154816987262134,Medium
10,42,2,Action Figure,10,33.06945283954214,Medium
73,39,5,Toy Train,4,55.347182397034956,High
24,17,5,Board Game,12,69.44722912278624,High
64,14,5,Action Figure,3,61.313239382667554,High
99,31,2,Action Figure,12,19.094232042504096,Low
49,24,5,Toy Train,4,21.348173082999512,Medium
99,35,5,Robot Kit,4,88.48307873032688,High
36,44,4,Action Figure,5,58.0434699310908,High
82,45,1,Doll House,12,87.64409412528046,High
96,34,3,Puzzle Game,9,40.29691857538806,Medium
24,3,1,Robot Kit,4,63.36800070597577,High
23,37,4,Doll House,3,54.74802452518802,High
62,43,3,Robot Kit,8,35.31673153294395,Medium
96,40,5,Doll House,11,49.641960343191556,Medium
37,26,4,Board Game,5,52.736633298558544,High
12,23,5,Doll House,8,24.073242601884466,Medium
55,44,2,Toy Car,5,34.925985375789494,Medium
13,39,4,Doll House,3,80.18392629816267,High
23,15,2,Lego Building Set,7,91.99988274814207,High
89,49,4,Lego Building Set,12,39.18043888680345,Medium
99,4,4,Coloring Book,6,34.16236680985673,Medium
30,29,2,Toy Car,9,23.54373063432884,Medium
17,22,3,Toy Car,8,69.45666102180522,High
62,25,1,Puzzle Game,12,35.69447165830204,Medium
84,13,5,Toy Car,9,98.8362062144229,High
89,18,4,Puzzle Game,7,35.94005619607556,Medium
86,33,5,Coloring Book,6,42.44292444434967,Medium
13,16,2,Coloring Book,9,62.3167486401433,High
59,45,5,Board Game,9,81.16000785317397,High
19,42,2,Lego Building Set,8,49.6042732078352,Medium
49,44,5,Doll House,10,45.15232320995104,Medium
100,2,1,Doll House,6,99.58559419150679,High
12,35,1,Toy Train,12,5.996895908294722,Low
61,42,1,Toy Train,7,90.03120244086836,High
19,34,1,Stuffed Bear,6,19.168378464275058,Low
76,30,1,Robot Kit,3,79.66290123984678,High
9,13,1,Board Game,10,63.70349818539831,High
71,13,2,Stuffed Bear,3,37.47549212231875,Medium
28,18,4,Stuffed Bear,7,88.01812077449674,High
78,32,5,Action Figure,8,6.226186658194237,Low
95,32,1,Action Figure,8,26.535611947117747,Medium
52,35,2,Stuffed Bear,7,58.854815643705926,High
83,39,2,Toy Car,5,38.39651470472131,Medium
16,46,2,Robot Kit,7,62.98586205524113,High
69,29,4,Board Game,10,7.290468373823348,Low
99,49,5,Stuffed Bear,4,16.06359839576269,Low
12,29,4,Doll House,8,17.074142820751728,Low
25,44,3,Robot Kit,11,22.981946362020896,Medium
52,16,2,Action Figure,10,48.63648687605156,Medium
85,44,3,Doll House,10,76.45222645663927,High
100,47,1,Action Figure,10,91.02618960324561,High
53,10,1,Action Figure,9,84.36039037700338,High
23,30,4,Robot Kit,10,23.70434781868994,Medium
16,25,5,Action Figure,8,46.90930246191007,Medium
57,39,3,Coloring Book,4,23.944101787060827,Medium
39,20,5,Lego Building Set,4,30.124822583383125,Medium
53,5,4,Coloring Book,10,52.836963243629185,High
42,1,1,Lego Building Set,3,11.470357348734641,Low
58,30,5,Toy Train,8,25.726561311360953,Medium
39,49,5,Toy Train,8,93.86092532417614,High
14,3,1,Action Figure,6,49.28104780255645,Medium
95,45,3,Board Game,12,47.31171996789786,Medium
5,14,1,Board Game,5,6.383879701371495,Low
35,30,5,Lego Building Set,5,28.50297597054285,Medium
87,50,3,Doll House,3,87.29778141830722,High
93,4,3,Robot Kit,5,20.639700684573533,Medium
75,18,1,Action Figure,6,44.4368692557985,Medium
18,37,5,Robot Kit,7,6.361436057365119,Low
76,25,4,Coloring Book,5,50.441870758702805,High
9,48,5,Board Game,8,6.997005138990629,Low
74,1,2,Toy Car,7,82.86290754125099,High
58,46,4,Coloring Book,5,83.36110791127484,High
17,15,3,Coloring Book,8,79.83550788872513,High
7,9,4,Lego Building Set,8,31.91958654465623,Medium
46,15,3,Puzzle Game,10,84.53753573107272,High
13,49,3,Coloring Book,4,56.58482259750058,High
40,24,4,Action Figure,3,40.51177034236523,Medium
42,4,3,Stuffed Bear,6,64.40634617190213,High
9,12,3,Stuffed Bear,9,6.17239937573553,Low
50,37,2,Action Figure,12,18.581283372071454,Low
27,37,5,Puzzle Game,5,75.51788612617496,High
66,43,5,Puzzle Game,5,28.195352828034537,Medium
5,6,2,Lego Building Set,7,61.81086614623121,High
29,39,4,Board Game,7,41.58474726818782,Medium
37,46,1,Robot Kit,12,86.20654898592984,High
38,24,1,Puzzle Game,5,95.47945406968114,High
83,11,1,Toy Car,11,88.93864919516808,High
8,13,2,Lego Building Set,6,30.708899495891682,Medium
65,34,2,Toy Train,5,23.445472559377816,Medium
86,25,3,Doll House,4,50.07131489396983,High
17,7,1,Toy Train,12,5.696744329437126,Low
71,4,4,Lego Building Set,11,7.451892322002265,Low
89,8,4,Coloring Book,6,57.56261076418501,High
45,20,1,Robot Kit,5,54.442693395702165,High
4,29,1,Doll House,9,99.4852889583497,High
36,45,1,Toy Train,10,24.17497435955702,Medium
70,46,2,Doll House,4,29.5198732702445,Medium
31,10,2,Toy Car,9,15.786361020997235,Low
19,43,2,Toy Car,7,92.16658591710575,High
61,34,5,Toy Car,7,78.89206822355283,High
54,26,4,Lego Building Set,5,83.12221558840051,High
39,41,4,Robot Kit,7,90.76255985662833,High
91,49,3,Lego Building Set,4,54.865498738954635,High
74,3,2,Stuffed Bear,6,47.863353187818745,Medium
90,6,5,Coloring Book,8,36.387189998233566,Medium
19,5,5,Coloring Book,3,60.97538836304627,High
39,5,4,Toy Car,12,48.15644769503314,Medium
67,47,2,Stuffed Bear,6,47.89873072752964,Medium
45,23,3,Puzzle Game,8,94.00814705445819,High
13,49,2,Puzzle Game,11,98.48299385651737,High
92,9,1,Toy Car,4,80.66601698631017,High
58,35,2,Toy Train,9,76.89201857345819,High
20,20,1,Lego Building Set,8,69.65302536901464,High
92,49,1,Toy Car,4,20.777110971683804,Medium
72,42,3,Board Game,10,10.61505298318718,Low
61,35,4,Doll House,9,70.61899993576,High
39,50,2,Coloring Book,7,74.23469111437471,High
1,18,1,Puzzle Game,7,9.46243415432328,Low
3,17,2,Action Figure,9,93.16491627174057,High
77,24,4,Puzzle Game,11,13.658360747244366,Low
92,3,4,Coloring Book,11,32.160550708264225,Medium
62,32,5,Doll House,11,68.87703221587692,High
63,35,4,Coloring Book,8,21.13789646842525,Medium
25,38,3,Action Figure,12,10.264509402013221,Low
56,13,1,Toy Car,8,36.45891647059423,Medium
33,47,5,Stuffed Bear,5,77.76729961124201,High
38,25,3,Action Figure,3,44.29947450359973,Medium
6,9,2,Coloring Book,9,67.03242758125424,High
58,4,1,Coloring Book,6,60.06381423667298,High
44,14,4,Board Game,3,7.1107557924301386,Low
45,37,1,Board Game,10,98.91129876934214,High
32,34,2,Robot Kit,8,8.935668437841837,Low
45,11,5,Board Game,8,96.94126007660607,High
61,41,5,Lego Building Set,4,57.237096944617825,High
47,3,5,Stuffed Bear,3,96.50010757118132,High
21,28,4,Doll House,4,15.901591944314367,Low
80,29,3,Action Figure,6,51.58880932262375,High
85,9,3,Coloring Book,4,21.10288872727557,Medium
75,3,1,Robot Kit,3,9.84261331713203,Low
36,25,4,Robot Kit,9,63.665265930919595,High
99,34,5,Doll House,10,24.739424991360686,Medium
19,12,5,Stuffed Bear,8,60.831216737316865,High
20,42,2,Action Figure,6,15.674625785153635,Low
57,9,2,Puzzle Game,8,36.538714786106766,Medium
18,15,5,Board Game,5,79.25509301505848,High
47,40,5,Toy Car,10,46.519894575007825,Medium
49,25,4,Robot Kit,12,64.63581441524695,High
14,5,3,Board Game,4,66.50850437082687,High
15,11,2,Board Game,7,85.15672917879289,High
31,34,3,Lego Building Set,3,35.86766546863092,Medium
1,24,4,Stuffed Bear,8,70.29307844533916,High
54,15,5,Toy Car,4,96.35350166938574,High
3,38,3,Puzzle Game,6,74.37311676399746,High
16,8,5,Coloring Book,8,51.53769528818573,High
87,5,5,Lego Building Set,12,64.91815722673329,High
57,48,1,Board Game,10,75.26987528749527,High
75,26,3,Board Game,10,63.16619774091788,High
12,18,3,Toy Train,8,6.584202281534719,Low
74,6,5,Toy Car,6,23.503482280286455,Medium
96,37,4,Toy Car,10,81.99448063546927,High
16,48,1,Toy Train,10,30.901811494686044,Medium
72,13,5,Toy Car,12,74.49840135830772,High
76,28,2,Board Game,3,40.351420447961374,Medium
24,5,2,Robot Kit,6,54.5790111750046,High
28,13,1,Action Figure,6,11.457463482843352,Low
8,17,4,Board Game,9,22.216428299722406,Medium
92,50,5,Lego Building Set,9,95.93371153432729,High
36,40,3,Stuffed Bear,10,89.56311507745683,High
90,45,1,Toy Train,7,66.96613553540976,High
8,32,4,Puzzle Game,9,48.66623675164505,Medium
58,29,3,Coloring Book,10,69.19732282504626,High
60,3,2,Puzzle Game,11,63.767977463924204,High
50,40,2,Board Game,5,59.012464282438145,High
28,34,3,Lego Building Set,5,10.621821827036474,Low
92,40,1,Board Game,6,65.11624801284316,High
41,27,2,Stuffed Bear,7,78.047404234261,High
100,13,5,Robot Kit,12,99.43775719132968,High
64,45,3,Coloring Book,3,6.05246249645942,Low
27,33,3,Stuffed Bear,9,74.36647806451428,High
63,6,2,Toy Train,11,59.31998501391814,High
17,24,1,Toy Train,10,46.234956727690886,Medium
73,19,5,Board Game,7,17.119166584280233,Low
33,16,1,Lego Building Set,6,43.86308912031324,Medium
84,40,4,Stuffed Bear,9,38.665832383682854,Medium
77,28,4,Doll House,7,33.76883945298051,Medium
92,33,2,Lego Building Set,9,74.43356421560974,High
29,48,2,Robot Kit,3,71.56892452200506,High
13,41,2,Toy Train,3,60.9569086431866,High
46,13,4,Board Game,12,94.17315726287036,High
35,43,1,Toy Car,5,38.23616649718117,Medium
6,45,1,Toy Train,4,28.161184082467056,Medium
82,25,2,Coloring Book,4,67.31081474434797,High
69,42,5,Action Figure,9,23.88733578905328,Medium
47,36,1,Toy Car,12,34.92599818242534,Medium
25,27,4,Board Game,4,26.33723180711406,Medium
66,38,3,Doll House,6,11.569588933257617,Low
10,7,3,Toy Car,4,83.61238045538897,High
56,5,3,Coloring Book,8,29.181351577557813,Medium
30,43,5,Lego Building Set,10,49.93761281758697,Medium
5,45,2,Doll House,12,9.114950959159636,Low
33,31,4,Toy Train,6,71.43724929400109,High
65,23,5,Doll House,7,36.40329521909763,Medium
18,42,4,Stuffed Bear,6,75.74998914377494,High
96,10,4,Coloring Book,5,44.17829074444728,Medium
49,32,2,Toy Car,7,23.596782608534337,Medium
11,43,3,Stuffed Bear,11,53.75163281679341,High
85,30,2,Doll House,10,17.39793316555678,Low
26,39,5,Stuffed Bear,10,46.8512201879345,Medium
63,31,5,Puzzle Game,10,35.14402035494622,Medium
89,18,5,Coloring Book,10,91.63616049896515,High
86,36,2,Robot Kit,9,10.788228563468394,Low
59,2,4,Lego Building Set,10,70.9316543400455,High
27,14,4,Doll House,10,22.36136076880641,Medium
49,13,1,Coloring Book,10,35.30928206156278,Medium
77,29,5,Robot Kit,12,44.47383599089626,Medium
33,12,4,Robot Kit,9,91.26143349062255,High
98,39,1,Board Game,3,28.04493527701339,Medium
99,2,4,Stuffed Bear,6,13.67433624174367,Low
1,32,5,Robot Kit,6,35.27551237909974,Medium
21,13,3,Puzzle Game,7,14.944217200875668,Low
55,46,5,Coloring Book,12,17.216666166252487,Low
6,27,2,Action Figure,8,59.515806807627534,High
92,49,4,Action Figure,6,10.785683644451865,Low
81,41,4,Doll House,4,7.9384337323887735,Low
69,17,2,Toy Train,8,72.86933963969729,High
95,40,2,Stuffed Bear,10,39.35647400989923,Medium
5,31,3,Toy Train,10,16.91065817721796,Low
3,34,4,Robot Kit,9,29.093213231672284,Medium
53,24,4,Coloring Book,8,65.9982181984779,High
23,45,3,Doll House,4,31.175973878380862,Medium
53,35,1,Toy Car,9,51.97950688643875,High
37,48,3,Robot Kit,7,16.561054139033867,Low
74,6,5,Stuffed Bear,8,60.86889557251746,High
74,19,4,Action Figure,12,35.027379965110086,Medium
83,30,2,Board Game,10,64.56200128022807,High
17,7,5,Coloring Book,10,81.79751381888218,High
85,10,4,Lego Building Set,5,63.10640984204928,High
78,41,3,Toy Train,9,33.09601844652696,Medium
73,32,5,Doll House,3,29.295651647088537,Medium
1,34,4,Toy Train,3,36.10499107967756,Medium
51,28,1,Coloring Book,9,20.638948757467958,Medium
45,15,1,Toy Train,12,22.211325830751907,Medium
77,30,2,Coloring Book,11,80.11565468051595,High
4,37,4,Toy Train,9,41.54959476820727,Medium
62,29,1,Puzzle Game,12,46.41954215420566,Medium
65,22,3,Toy Car,7,61.43469922884706,High
32,4,4,Robot Kit,10,61.017082039397025,High
34,20,3,Robot Kit,4,11.400802794582944,Low
92,32,3,Stuffed Bear,11,83.99637470207823,High
95,36,1,Lego Building Set,8,21.846022556274246,Medium
72,50,4,Lego Building Set,11,73.69180542471854,High
39,4,5,Stuffed Bear,4,78.40374387217582,High
26,27,1,Board Game,5,72.9154557386748,High
34,17,1,Robot Kit,10,60.002876422643794,High
54,12,4,Board Game,3,6.387854725343871,Low
3,22,4,Coloring Book,12,39.23567177450121,Medium
50,17,3,Coloring Book,9,62.45974578944521,High
12,10,4,Action Figure,9,41.807873112641175,Medium
65,1,3,Toy Train,3,87.03059001671724,High
54,22,1,Lego Building Set,11,34.33621615821346,Medium
5,26,2,Action Figure,10,32.885805283572736,Medium
94,18,5,Toy Car,6,30.269780843802508,Medium
94,50,1,Stuffed Bear,12,36.614182551275576,Medium
57,14,4,Stuffed Bear,7,57.95347160984778,High
17,47,5,Coloring Book,4,72.16645295589612,High
47,29,2,Robot Kit,11,67.94395218518459,High
23,12,2,Board Game,8,81.73319289824056,High
79,36,3,Lego Building Set,5,89.16182957225537,High
85,35,5,Action Figure,9,82.52750902261837,High
14,12,3,Board Game,11,6.799813320563684,Low
66,7,1,Action Figure,5,74.91220558743893,High
75,29,5,Toy Train,4,24.7979594937415,Medium
51,11,1,Toy Car,9,17.628164057258353,Low
38,33,3,Toy Car,9,65.65643455591788,High
64,6,5,Board Game,6,35.37560356373102,Medium
98,47,3,Board Game,11,10.42613052019211,Low
38,15,5,Board Game,10,18.074824767844326,Low
50,32,3,Action Figure,3,5.088294602646301,Low
98,11,2,Toy Train,3,90.8062445977472,High
82,23,3,Puzzle Game,7,7.338708464917666,Low
30,26,2,Board Game,8,24.89829810340355,Medium
79,34,3,Robot Kit,5,44.544964165351196,Medium
91,46,5,Lego Building Set,11,38.87427596532781,Medium
51,34,5,Lego Building Set,12,91.6139583067137,High
63,29,5,Action Figure,8,8.827449844781501,Low
98,4,4,Board Game,6,53.6603972293199,High
52,17,1,Coloring Book,9,69.64554893981553,High
38,35,5,Stuffed Bear,10,93.51130749971104,High
97,13,2,Puzzle Game,11,63.9352689517535,High
88,41,5,Robot Kit,8,81.35674742111746,High
79,39,4,Toy Train,8,12.953869095308098,Low
30,15,2,Coloring Book,10,41.6642535390081,Medium
51,29,4,Toy Car,7,40.52497777551141,Medium
81,29,2,Coloring Book,5,89.19738056329318,High
5,11,3,Action Figure,5,19.38026127001112,Low
29,32,1,Puzzle Game,8,19.429186371979874,Low
4,2,1,Doll House,4,36.213024239150855,Medium
10,47,4,Doll House,8,10.17427449984957,Low
56,14,1,Board Game,8,22.333513861986553,Medium
17,20,4,Board Game,10,96.69491566184485,High
74,22,4,Action Figure,9,45.67747428738142,Medium
17,11,4,Toy Train,10,65.04182480013145,High
84,27,1,Board Game,11,73.98056963774052,High
88,3,4,Stuffed Bear,8,39.86133366568404,Medium
69,17,1,Puzzle Game,5,18.98657206899911,Low
34,44,4,Action Figure,12,24.62519654106918,Medium
6,28,5,Lego Building Set,5,34.76031527515798,Medium
53,29,4,Toy Car,3,65.42649993346143,High
66,21,2,Action Figure,7,42.83665216346017,Medium
77,47,4,Action Figure,6,5.647396300512171,Low
43,16,3,Doll House,11,54.723682581409825,High
75,37,4,Robot Kit,11,92.5437722312047,High
23,20,2,Toy Train,7,82.14737304582451,High
55,6,2,Robot Kit,12,83.39508026966494,High
80,19,1,Stuffed Bear,6,80.53051167258246,High
95,5,5,Lego Building Set,9,35.75442843299025,Medium
75,3,4,Doll House,8,77.69341420666724,High
16,1,1,Lego Building Set,6,18.600328992063332,Low
8,38,5,Stuffed Bear,12,67.48303399121559,High
4,15,4,Robot Kit,4,65.94901383507447,High
4,34,3,Action Figure,3,7.429130913524793,Low
56,35,4,Board Game,6,79.8571626911385,High
25,49,2,Board Game,6,90.8085699840374,High
67,25,2,Coloring Book,3,30.40445145485023,Medium
96,24,3,Toy Car,8,82.17711879768433,High
67,12,1,Toy Train,6,12.828567326885079,Low
27,18,5,Stuffed Bear,3,61.996946534801275,High
93,15,4,Toy Car,3,51.13645220675633,High
32,44,2,Toy Train,3,56.862735664355,High
50,16,1,Toy Car,10,92.98949417901278,High
61,27,3,Robot Kit,12,87.77494848845109,High
51,8,2,Toy Train,10,79.58294743777692,High
19,46,3,Robot Kit,4,31.001353479445243,Medium
21,25,4,Action Figure,9,91.62276972517871,High
5,17,5,Doll House,10,14.26323078406815,Low
82,29,2,Robot Kit,10,86.06627557308484,High
92,8,2,Board Game,12,36.17520687359274,Medium
42,15,4,Toy Car,9,10.10836960788842,Low
61,27,1,Coloring Book,7,68.5889135028711,High
22,46,5,Puzzle Game,3,26.971593190015767,Medium
21,50,2,Toy Train,11,28.13925695714003,Medium
70,7,5,Stuffed Bear,9,34.07448079173329,Medium
1,3,2,Coloring Book,4,11.050052912739089,Low
5,29,5,Board Game,8,21.827078698834132,Medium
12,44,3,Robot Kit,4,5.488264620628229,Low
90,24,2,Doll House,3,47.31390450504975,Medium
46,3,5,Action Figure,9,13.004260854707272,Low
34,20,1,Puzzle Game,4,69.8519974791989,High
49,46,3,Lego Building Set,4,27.384170863206595,Medium
78,15,3,Coloring Book,7,94.63954368334183,High
90,25,1,Doll House,7,87.768904602872,High
45,30,5,Lego Building Set,9,32.49688502197978,Medium
27,14,4,Puzzle Game,3,79.40546819238448,High
73,7,1,Stuffed Bear,10,81.3082659431566,High
26,17,5,Stuffed Bear,5,98.72349584086899,High
47,44,1,Toy Car,6,61.79479875034007,High
86,20,1,Puzzle Game,11,12.786744791147909,Low
56,36,2,Puzzle Game,6,66.44953674800618,High
94,9,5,Lego Building Set,12,64.37307609572335,High
63,38,4,Doll House,7,65.64330485494102,High
48,48,2,Toy Train,9,34.1788365699001,Medium
61,22,1,Lego Building Set,6,86.66956058263163,High
81,2,1,Action Figure,3,96.14985738076413,High
26,24,1,Stuffed Bear,11,25.682688732924394,Medium
36,8,5,Stuffed Bear,6,13.374455022981223,Low
1,11,5,Toy Car,11,23.480828151005987,Medium
8,13,2,Action Figure,8,82.95245322929328,High
99,17,4,Stuffed Bear,3,69.28124030788551,High
52,8,2,Lego Building Set,5,65.42449752221702,High
79,21,3,Action Figure,4,43.170347835395326,Medium
47,18,1,Lego Building Set,11,59.893657293586394,High
56,30,1,Toy Train,3,34.24804190106491,Medium
86,18,1,Toy Train,11,50.334007544706324,High
14,46,2,Stuffed Bear,11,80.3409876952123,High
90,47,2,Stuffed Bear,10,98.2179517582689,High
28,31,1,Doll House,10,93.58644774103118,High
87,38,2,Toy Train,3,93.71726457039364,High
78,32,5,Coloring Book,10,43.21125481047567,Medium
88,11,5,Coloring Book,12,49.53503864814514,Medium
2,45,2,Toy Car,5,72.03536265505325,High
26,25,1,Toy Train,9,92.608233164872,High
14,33,2,Lego Building Set,3,18.48945463844804,Low
59,38,2,Lego Building Set,3,33.9029770635836,Medium
56,41,2,Board Game,12,18.228450236440402,Low
7,8,3,Action Figure,7,63.14081034614826,High
3,11,5,Robot Kit,7,34.09859470431607,Medium
23,22,4,Coloring Book,10,35.98024598869448,Medium
18,24,4,Stuffed Bear,9,11.737016151358027,Low
38,41,3,Toy Car,10,38.23062587172123,Medium
99,17,2,Robot Kit,8,86.9371682031506,High
15,12,3,Puzzle Game,8,27.14191712962932,Medium
64,46,3,Toy Car,4,71.04280928995624,High
89,32,1,Puzzle Game,8,64.8146927691663,High
28,15,5,Toy Train,7,87.03103779506596,High
74,16,4,Puzzle Game,5,17.56735502684863,Low
39,22,2,Puzzle Game,8,97.87104623277911,High
57,28,4,Doll House,10,60.34972137383473,High
17,20,4,Doll House,11,99.57004447294736,High
86,33,5,Doll House,3,91.59389895725583,High
90,10,4,Toy Train,5,26.044140850745052,Medium
44,40,4,Robot Kit,5,10.335390940814744,Low
25,32,3,Toy Car,10,29.285713910559345,Medium
17,50,5,Toy Car,3,55.118546654944886,High
13,33,1,Stuffed Bear,7,21.301654871193048,Medium
84,2,2,Doll House,5,20.90867572920891,Medium
25,33,4,Toy Train,4,48.946386974989544,Medium
68,33,2,Stuffed Bear,10,8.16045726108905,Low
10,41,1,Action Figure,5,16.579367840565695,Low
67,13,2,Stuffed Bear,9,44.50682724375502,Medium
18,30,1,Robot Kit,3,10.997341374756815,Low
100,33,3,Coloring Book,8,42.69173036327528,Medium
86,13,4,Puzzle Game,5,50.030595265102285,High
